Boom Of Money,
Speak For Sale,
Hood Of The Morning After,
Jams Of Life,
Speed Of A Stranger,
Mystery Of Infinity,
Storm Of Monsters,
Master Of Fire,
A Mic Of Dreams,
Luck For A Sunrise,
Lessons For A Payment,
Fight Of Yesterday,
Story For That Cash,
Stranger For Yesterday,
Minute For A New Day,
Warriors Of Monsters,
Rhythm Of Somebody,
Talk,
My Kind For Myself,
One More For Tomorrow,
Remember My Voice,
Lose That Lady,
Beats Of That Voice,
I Need Fire,
Loved By My Enemies,
Give Back His Best Friend,
There Goes Cash,
Streets Of Her Time,
I Need His Tomorrow,
Beats Of Your Lyrics,
Gangs Of My Riches,
Drivin' That Luck,
Remember That Enemies,
Mad For My Cash,
Violence Of That Game,
Crazy For My Shadows,
Dreams Of Pain,
Heart Of Your Body,
Drivin' My Mind,
Crazy Of My Body,
Rebel And Lyrics,
Freedom And Games,
Running And Control,
Street And Heaven,
Wild And Beats,
Welcome And Control,
Dangerous And Riot,
Young And Miracles,
Warned And Choices,
Dear And Chances,
Best And Streets,
Lyrical And Paradise,
Young And Riot,
Stormy And Mic,
Wild And Streets,
One More And Money,
Endless And Angel,
Warned And,
Crazy And Pain,
Free And Choice,
I Like The Way You Move,
Honey Whatever,
Baby I Like The Way You Move,
Babe You Crazy,
Babe Stay Outta My Way,
Baby It Takes Two,
Let's Ride In My Cadillac,
Baby Let's Go,
Babe What's The Time?,
Baby I Like The Way You Move,
Make Your Choice,
Bring It On,
Sweet Dreams Tonight,
Baby Time For Some Noise,
Babe I'm Bad,
Enjoy The Show,
I Got It,
Baby Stop Playing Tricks,
Let's Go Wild,
You're A Gold Digger,
She Thinks She's A Gold Digger,
He Hopes She's My Sister,
He Knows I'm Ridin',
She Knows She Did It Like That,
I Heard I Got My Own Thang,
She Hates He's Innocent,
She's Guilty,
I Know She Did It Like That,
He Heard I Go Crazy,
I Heard You're Trouble,
She Said I'm A Gangsta,
I Got It Easy,
I Love He's A Thug,
I Did It,
She Said She's Been Played,
I Know You're Bad For Me,
I Heard She's A Gold Digger,
He Loves She's No Good,
She Knows He's A Player,
She Hopes We Will Break Out,
Dirt Of Heaven,
Night For The Morning,
Beats Of Noise,
Speed Of Somebody,
Think For You,
Street For Me,
Road For Freedom,
Stage Of Freedom,
Hell Of Secrets,
Drive Of The Most Beautiful Girl,
Ridin' For A New Day,
A Thing Of The Hard Life,
Mystery Of Your Memory,
A Thing Of Time,
Memories Of The Night,
A Thing Of Nightmares,
Jump Of My Hero,
Of A Woman,
Heat Of The Future,
Dreaming For My Mind,
Don't Need My Life,
Wait For My Darling,
Home Of Her Way,
Paradise Of His Rhythm,
Streets Of His Love,
Finding His Luck,
Dream Fire,
Voices Of Her Body,
Don't Need His Game,
Heart Of Her Heart,
Time Of His Money,
Belong To That Beats,
Without Her Lady,
Money For My Streets,
Belong To Her Broken Dreams,
Losin' Your Addiction,
Time For Own,
Lose That Best Friend,
Money For Life,
Welcome And Heaven,
Welcome And Future,
Cool And Games,
Sweet And Danger,
Broken And Streets,
Cool And Music,
Dirty And Rhymes,
Sweet And Cash,
Sweet And Future,
Dangerous And Game,
Wild And Dreams,
Bomb And Streets,
Street And Money,
Rapper's And Syndrome,
Cool And Money,
Endless And Chance,
Wild And Danger,
Forsaken And Choice,
Midnight And Choice,
Faded And Pain,
It's Like This,
Honey Hypnotize Me,
Honey Don't Lose Your Head,
Honey Bust Some Moves,
Babe Let's Go,
Babe I Got It,
I'm Not Sorry,
Baby Let's Go,
Baby Stop Playing Tricks,
Babe Feel The Rhythm,
Honey Shake Yo' Body,
Honey Hypnotize Me,
Let's Talk About It,
Babe I'm Losing Control,
So Do I,
Baby So Do I,
Honey I'm Addicted To You,
I'm Not Sorry,
Babe I Like The Way You Move,
Babe The World Is Ours,
He Loves She's No Good,
I'm Guilty,
I Know He's Bad For You,
He's Trouble,
He Hates I'm A Gangsta,
He Hopes He's Going To Make It,
She Loves You,
She Hopes He Did It Like That,
I Know We Will Break Out,
He Hopes,
He Heard I'm Getting Outta Here,
She Said She's Been Played,
He Hates She Did It Like That,
He Thinks I Got It Easy,
She Hates She Loves You,
I Think She's A Gold Digger,
I Heard He's Going To Make It,
I Know She's Guilty,
I Hope I Got My Own Thang,
I Got Away With It,
Piece For Yesterday,
Thang,
Sound Of Infinity,
Piece For The Gang,
Dead Of Everything,
Jungle Of Time,
Ride Of Monsters,
Lines Of My Mind,
Soul Of The Edge,
Crazy For The Bills,
Crazy For A Sunrise,
A Beat For A Chance,
Power For The Morning,
Freak Of Somebody,
Time Of Dreams,
Because Of Life,
Thang Of Us,
Night Of My Life,
Ministry For That Cash,
Thrill Of Nightmares,
There Goes His Pain,
I Love Baby,
Cash For Your Streets,
Dreams Of Way,
Forgot World,
My Dirt,
Streets Of My Song,
Time For That Rhimes,
Talk About His Dreams,
Drink For Your Cadillac,
Whisper His Luck,
Losin' That Lady,
Loved By Best Friend,
Forget My Baby,
Drivin' Her,
Dreams Of Her Dreams,
I Need My Luck,
Dream Enemies,
Time Of That Rhythm,
Bring Enemies,
Dangerous And Things,
Rebel And Paradise,
Freedom And Mic,
Bomb And Vibes,
Freedom And Danger,
Dear And Money,
Dangerous And Mind,
Best And Danger,
Smooth And Miracles,
Hot And Danger,
Smooth And Vibes,
Freedom And Resurrection,
Crazy And Dreams,
Lost And Soul,
Dirty And Love,
Brave And Mind,
Faded And Rhymes,
Crazy And Promises,
Dear And Game,
Rapper's And Nightmare,
Babe, We've Only Just Begun,
Honey, So Do I,
Babe, I Got It,
Drop It,
I'm A Rebel,
Honey Let's Go Wild,
Honey Stay Outta My Way,
Honey It Takes Two,
 Sweet Dreams Tonight,
Honey Go Crazy,
Honey I'm Makin' Money,
It's Me Myself And I,
Honey What's Up?,
Honey I'm Makin' Money,
Honey We Made It,
Baby Shake Yo' Body,
I Like The Way You Move,
Babe Dream On,
I Like The Way You Move,
Honey I'm A Rebel,
I Said I'm Addicted To The Beats,
He Hates You're A Player,
She Thinks He's Bad For You,
I Hope He's Bad For You,
She Hates She Loves You,
I Hope He Won't Stop,
He Made His Choice,
She Heard I Did It,
She's No Good,
I Love He's Going To Jail,
He Said She's My Sister,
He Hates I Know How To Get Away,
I Am Crazy,
I Heard She Did It Like That,
She Heard She Made Her Choice,
He's Going To Make It,
She Thinks You're A Thug,
I Think I'm A Gangsta,
I'm Guilty,
He Said He Got It Going,