First Name,Last Name
Luke,Stevens
Rafael,Kelley
Annabella,West
Marcus,Miller
Lana,Carroll
Kirsten,Stewart
Grace,Hall
Fenton,Cunningham
Dainton,Thomas
Alan,Richardson
Amanda,Moore
Violet,Scott
Edith,Cameron
Darcy,Baker
Freddie,Barrett
Ada,Jones
Ellia,Ross
Gianna,Wright
Cadie,Wright
Steven,Campbell
Alissa,Cameron
Adison,Hill
Honey,Jones
Dale,Roberts
Lana,Adams
Ted,Martin
Brianna,Henderson
Maddie,Harrison
Alissa,Hamilton
Dainton,Baker
Anna,Armstrong
Melissa,Henderson
Carl,Roberts
Alen,Alexander
Preston,Hill
Arthur,Perry
Luke,Douglas
Elise,Wells
Annabella,Rogers
Oliver,Scott
Carina,Lloyd
Alan,Mason
Eddy,Phillips
Audrey,Richardson
Garry,Hill
Ted,Watson
Jordan,Brooks
Owen,Edwards
Alford,Baker
Aiden,Johnston
Rubie,Reed
Belinda,Payne
Victoria,Andrews
Eddy,Harrison
Daisy,Wells
Lenny,Johnston
Aldus,Smith
Natalie,Spencer
Rosie,Hill
Wilson,Murray
Preston,Phillips
Savana,Payne
Ellia,Ryan
Julia,Alexander
Sofia,Parker
Derek,Phillips
Lana,Barrett
Lenny,Barnes
Andrew,Rogers
Eleanor,Ryan
Blake,Murray
Jack,Wells
Dexter,Perry
Gianna,Stewart
Elian,Grant
Sawyer,Alexander
Belinda,Crawford
Dominik,Clark
Tiana,Murphy
Patrick,Farrell
Sienna,Morris
Honey,Scott
Brooke,Chapman
Tyler,Barnes
Rosie,Morris
Sydney,Carter
Albert,Rogers
Tess,Andrews
Abraham,Brown
Adam,Cunningham
Edward,Murray
Elise,Morgan
Nicholas,Mitchell
Sienna,Miller
Miley,Perry
Nicole,Brooks
Jacob,Smith
Lana,West
Wilson,Morrison
Adison,Watson
Adrian,Hamilton
Paul,Grant
Oscar,Henderson
Evelyn,Evans
Alexander,Baker
Camila,Harris
Maddie,Perry
Luke,Johnston
Edith,Murphy
Lilianna,Gibson
Arthur,Armstrong
Alexander,Chapman
Vivian,Ross
Joyce,Wright
Garry,Chapman
Maximilian,Watson
Alberta,Richardson
Evelyn,Grant
Arnold,Campbell
Miller,Cunningham
Grace,Gray
Cherry,Scott
George,Brooks
Camila,Scott
Maya,Dixon
Isabella,Gibson
Frederick,Davis
Darcy,Cunningham
Rafael,Walker
Briony,Moore
Ted,Wells
Ashton,Cooper
Amelia,Hamilton
James,Grant
Martin,Campbell
Andrew,Bennett
Emma,Wells
Oscar,Douglas
Tara,Harris
Max,Perry
Hailey,Rogers
Ada,Russell
Carina,Harrison
Owen,Harris
Paige,Higgins
Martin,Johnston
Adam,Perkins
Connie,Hamilton
Patrick,Wells
Eric,Phillips
Lydia,Davis
Chloe,Morrison
Maria,Gray
Tiana,Johnston
Eleanor,Williams
Frederick,Anderson
Sophia,Thomas
Sawyer,Cunningham
Myra,Grant
Lenny,Tucker
Fiona,Edwards
Grace,Carter
Tess,Clark
Jasmine,Grant
Marcus,Sullivan
Daniel,Wells
Julia,Phillips
Alexia,Dixon
Lana,Harper
Arnold,Hawkins
Chester,Roberts
Florrie,Stewart
Mary,Morrison
James,Tucker
Martin,Payne
Savana,Wright
Maddie,Montgomery
Reid,Jones
Lyndon,Hamilton
Victor,Mitchell
Elian,Hawkins
Alberta,Owens
Dominik,Richardson
Briony,Craig
Abigail,Robinson
Lily,Wilson
Sabrina,Thomas
Joyce,Thompson
Patrick,Harper
Maddie,Cunningham
Anna,Perkins
Agata,Chapman
Honey,Alexander
Antony,Parker
Heather,Richards
Aiden,Ryan
Florrie,Miller
Elian,Murray
Andrew,Owens
George,Wright